CDKAtomTypeMatcher	org.openscience.cdk.atomtype	core
CDKHydrogenAdder	org.openscience.cdk.tools	valencycheck
CircularFingerprinter	org.openscience.cdk.fingerprint	fingerprint
DescriptorEngine	org.openscience.cdk.qsar	qsarmolecular
Elements	org.openscience.cdk.config	core
Fingerprinter	org.openscience.cdk.fingerprint	standard
HybridizationFingerprinter	org.openscience.cdk.fingerprint	standard
IAtom	org.openscience.cdk.interfaces	interfaces
IAtomContainer	org.openscience.cdk.interfaces	interfaces
IBioPolymer	org.openscience.cdk.interfaces	interfaces
IBitFingerprint	org.openscience.cdk.fingerprint	core
IBond	org.openscience.cdk.interfaces	interfaces
IChemFile	org.openscience.cdk.interfaces	interfaces
IChemObject	org.openscience.cdk.interfaces	interfaces
IChemObjectBuilder	org.openscience.cdk.interfaces	interfaces
ICountFingerprint	org.openscience.cdk.fingerprint	core
IElectronContainer	org.openscience.cdk.interfaces	interfaces
IElement	org.openscience.cdk.interfaces	interfaces
IFingerprinter	org.openscience.cdk.fingerprint	core
ILonePair	org.openscience.cdk.interfaces	interfaces
IMonomer	org.openscience.cdk.interfaces	interfaces
IPolymer	org.openscience.cdk.interfaces	interfaces
IReaction	org.openscience.cdk.interfaces	interfaces
ISingleElectron	org.openscience.cdk.interfaces	interfaces
IsotopeFactory	org.openscience.cdk.config	core
Isotopes	org.openscience.cdk.config	core
IStrand	org.openscience.cdk.interfaces	interfaces
IteratingSDFReader	org.openscience.cdk.io.iterator	ctab
MDLRXNReader	org.openscience.cdk.io	ctab
MDLV2000Writer	org.openscience.cdk.io	ctab
ModelBuilder3D	org.openscience.cdk.modeling.builder3d	builder3d
MolecularFormulaManipulator	org.openscience.cdk.tools.manipulator	formula
PDBReader	org.openscience.cdk.io	pdb
RebondTool	org.openscience.cdk.graph.rebond	standard
SilentChemObjectBuilder	org.openscience.cdk.silent	silent
SmilesGenerator	org.openscience.cdk.smiles	smiles
StructureDiagramGenerator	org.openscience.cdk.layout	sdg
UniversalIsomorphismTester	org.openscience.cdk.isomorphism	standard
XMLIsotopeFactory	org.openscience.cdk.config	extra
